Domain, Problem,h*, lsud,hLA, lsuda, lsd, lsda,h+,coles-etal,add_h_max (aaai05),h_max
Airport, P01_AIRPORT1_P1.PDDL,8,8,8,8,8,8,8,8,8,8
Airport, P02_AIRPORT1_P1.PDDL,9,9,9,9,9,9,9,9,8,8
Airport, P03_AIRPORT1_P2.PDDL,17,17,17,16,17,18,17,16,15,8
Airport, P04_AIRPORT2_P1.PDDL,20,20,20,20,20,20,20,20,20,20
Airport, P05_AIRPORT2_P1.PDDL,21,21,21,20,21,21,21,21,20,20
Airport, P06_AIRPORT2_P2.PDDL,41,41,41,39,41,41,41,40,34,20
Airport, P07_AIRPORT2_P2.PDDL,41,41,41,39,41,41,41,40,33,20
Airport, P08_AIRPORT2_P3.PDDL,62,62,62,53,62,62,62,60,36,20
Airport, P09_AIRPORT2_P4.PDDL,71,71,71,60,71,71,71,69,,20
Airport, P10_AIRPORT3_P1.PDDL,18,18,18,18,18,18,18,18,18,18
Airport, P11_AIRPORT3_P1.PDDL,21,21,21,20,21,21,21,21,20,20
Airport, P12_AIRPORT3_P2.PDDL,39,39,39,37,39,39,39,38,34,20
Airport, P13_AIRPORT3_P2.PDDL,37,37,37,35,37,37,37,36,31,18
Airport, P14_AIRPORT3_P3.PDDL,60,60,60,52,60,60,60,58,37,20
Airport, P15_AIRPORT3_P3.PDDL,58,58,58,50,58,58,58,56,36,20
Airport, P16_AIRPORT3_P4.PDDL,79,79,79,65,79,79,79,76,39,20
Airport, P17_AIRPORT3_P5.PDDL,88,88,88,71,88,88,88,85,,20
Airport, P18_AIRPORT3_P6.PDDL,107,107,107,84,107,107,107,103,,20
Airport, P19_AIRPORT3_P6.PDDL,90,85,90,74,90,90,90,88,,21
Airport, P20_AIRPORT3_P7.PDDL,115,114,115,90,115,115,115,111,,20
Airport, P21_AIRPORT4HALFMUC_P2.PDDL,101,87,101,90,101,101,101,100,,52
Airport, P22_AIRPORT4HALFMUC_P3.PDDL,148,129,148,121,148,148,148,147,,52
Airport, P23_AIRPORT4HALFMUC_P4.PDDL,168,146,168,134,168,168,168,167,,66
Airport, P24_AIRPORT4HALFMUC_P4.PDDL,162,140,162,130,162,162,162,159,,52
Airport, P25_AIRPORT4HALFMUC_P5.PDDL,,184,212,162,212,212,212,209,,52
Airport, P26_AIRPORT4HALFMUC_P6.PDDL,,192,220,167,220,220,220,217,,66
Airport, P27_AIRPORT4HALFMUC_P6.PDDL,,211,246,187,246,246,246,241,,52
Airport,P28_AIRPORT4HALFMUC_P7.PDDL,,253,294,218,294,294,294,289,,52
Airport,P29_AIRPORT4HALFMUC_P8.PDDL,,266,308,225,308,308,fail,303,,66
Airport,P30_AIRPORT4HALFMUC_P8.PDDL,,266,310,227,310,OOM,fail,303,,52
Airport,P31_AIRPORT4HALFMUC_P9.PDDL,,309,358,259,358,OOM,fail,351,,52
Airport,P32_AIRPORT4HALFMUC_P10.PDDL,,335,390,277,OOM,OOM,fail,383,,66
Airport,P33_AIRPORT4HALFMUC_P10.PDDL,,339,393,281,OOM,OOM,fail,385,,52
Airport,P34_AIRPORT4HALFMUC_P11.PDDL,,366,427,300,OOM,OOM,fail,419,,66
Airport,P35_AIRPORT4HALFMUC_P12.PDDL,,365,433,301,OOM,OOM,fail,,,74
Airport,P36_AIRPORT5MUC_P2.PDDL,,85,97, You bet!, You bet!, You bet!,109,108,,59
Airport,P37_AIRPORT5MUC_P3.PDDL,,106,125, You bet!, You bet!, You bet!,141,139,,59
Airport,P38_AIRPORT5MUC_P3.PDDL,,115,132, You bet!, You bet!, You bet!,154,152,,59
Airport,P39_AIRPORT5MUC_P4.PDDL,,149,176, You bet!, You bet!, You bet!,208,205,,66
Airport,P40_AIRPORT5MUC_P4.PDDL,,147,170, You bet!, You bet!, You bet!,190,187,,59
Airport,P41_AIRPORT5MUC_P4.PDDL,,134,154, You bet!, You bet!, You bet!,178,162,,59
Airport,P42_AIRPORT5MUC_P5.PDDL,,190,221, You bet!, You bet!, You bet!,fail,253,,66
Airport,P43_AIRPORT5MUC_P5.PDDL,,166,191, You bet!, You bet!, You bet!,223,204,,59
Airport,P44_AIRPORT5MUC_P5.PDDL,,181,207, You bet!, You bet!, You bet!,227,208,,66
Airport,P45_AIRPORT5MUC_P6.PDDL,,198,227, You bet!, You bet!, You bet!,249,221,,66
Airport,P46_AIRPORT5MUC_P6.PDDL,,208,242, You bet!, You bet!, You bet!,fail,271,,66
Airport,P47_AIRPORT5MUC_P8.PDDL,,271,315, You bet!, You bet!, You bet!,fail,325,,66
Airport,P48_AIRPORT5MUC_P9.PDDL,,312,367, You bet!, You bet!, You bet!,fail,401,,66
Airport,P49_AIRPORT5MUC_P10.PDDL,,347,405, You bet!, You bet!, You bet!,fail,,,66
Airport,P50_AIRPORT5MUC_P15.PDDL,,501,601, You bet!, You bet!, You bet!,fail,,,66

Blocks, probBLOCKS-4-0.pddl,6,6,6,5,6,6,6,6,6,2
Blocks, probBLOCKS-4-1.pddl,10,5,6,4,6,6,6,6,6,5
Blocks, probBLOCKS-4-2.pddl,6,6,6,5,6,6,6,6,6,3
Blocks, probBLOCKS-5-0.pddl,12,7,8,5,8,8,8,8,8,5
Blocks, probBLOCKS-5-1.pddl,10,6,7,5,7,7,7,7,7,4
Blocks, probBLOCKS-5-2.pddl,16,8,9,6,9,9,9,9,9,6
Blocks, probBLOCKS-6-0.pddl,12,9,11,7,11,11,11,11,11,4
Blocks, probBLOCKS-6-1.pddl,10,10,10,7,10,10,10,10,10,3
Blocks, probBLOCKS-6-2.pddl,20,9,11,7,11,11,11,11,11,7
Blocks, probBLOCKS-7-0.pddl,20,10,13,8,13,13,13,13,13,8
Blocks, probBLOCKS-7-1.pddl,22,10,12,8,12,12,12,12,11,6
Blocks, probBLOCKS-7-2.pddl,20,11,12,8,12,12,12,12,12,6
Blocks, probBLOCKS-8-0.pddl,18,11,13,9,13,13,13,13,13,4
Blocks, probBLOCKS-8-1.pddl,20,12,13,8,13,13,13,13,13,5
Blocks, probBLOCKS-8-2.pddl,16,13,14,10,14,14,14,14,14,5
Blocks, probBLOCKS-9-0.pddl,30,14,16,11,16,16,16,16,16,9
Blocks, probBLOCKS-9-1.pddl,28,13,16,10,16,16,16,16,16,10
Blocks, probBLOCKS-9-2.pddl,26,14,17,11,17,17,17,17,17,9
Blocks, probBLOCKS-10-0.pddl,34,15,18,12,18,18,18,18,18,9
Blocks, probBLOCKS-10-1.pddl,32,16,19,13,19,19,19,19,18,8
Blocks, probBLOCKS-10-2.pddl,34,16,19,12,19,19,19,19,19,10
Blocks, probBLOCKS-11-0.pddl,32,16,19,13,19,19,19,8,19,8
Blocks, probBLOCKS-11-1.pddl,,18,21,15,21,21,21,4,20,4
Blocks, probBLOCKS-11-2.pddl,,16,19,13,19,19,19,9,17,9
Blocks, probBLOCKS-12-0.pddl,,19,22,15,22,22,22,10,21,10
Blocks, probBLOCKS-12-1.pddl,34,18,22,15,22,22,22,11,22,11
Blocks, probBLOCKS-13-0.pddl,,20,24,16,24,24,24,11,23,10
Blocks, probBLOCKS-13-1.pddl,,20,25,16,25,25,25,12,24,12
Blocks, probBLOCKS-14-0.pddl,,21,25,17,25,25,25,10,24,10
Blocks, probBLOCKS-14-1.pddl,,23,27,19,27,27,27,7,25,6
Blocks, probBLOCKS-15-0.pddl,,24,28,20,28,28,28,7,26,7
Blocks, probBLOCKS-15-1.pddl,,23,28,18,28,28,28,14,28,14
Blocks, probBLOCKS-16-1.pddl,,25,31,20,31,31,31,13,30,13
Blocks, probBLOCKS-16-2.pddl,,23,28,18,28,28,28,15,28,15
Blocks, probBLOCKS-17-0.pddl,,28,33,22,33,33,33,33,29,7

Depots, pfile1.pddl,10,9,9,9,9,9,10,9,7,4
Depots, pfile2.pddl,15,11,11,10,11,11,14,11,13,5
Depots, pfile3.pddl,27,16,17,14,17,17,22,17,16,5
Depots, pfile4.pddl,30,16,17,14,17,17,17,16,16,5
Depots, pfile5.pddl,,23,26,20,26,26,fail,26,24,6
Depots, pfile6.pddl,,27,31,23,31,31,fail,30,,9
Depots, pfile7.pddl,21,15,15,13,15,15,18,15,14,4
Depots, pfile8.pddl,,26,27,23,27,27,27,25,23,4
Depots, pfile9.pddl,,32,36,27,36,36,fail,34,33,8
Depots, pfile10.pddl,24,18,19,17,18,19,22,16,12,5
Depots, pfile11.pddl,,27,31,26,29,31,fail,29,28,7
Depots, pfile12.pddl,,34,39,32,38,39,fail,36,,10
Depots, pfile13.pddl,25,22,23,22,23,23,24,21,19,6
Depots, pfile14.pddl,,18,20,18,19,20,23,17,15,5
Depots, pfile15.pddl,,34,37,29,37,37,fail,35,33,6
Depots, pfile16.pddl,,20,20,19,20,20,fail,19,8,5
Depots,pfile17.pddl,,17,17,17,17,17,fail,19,19,5
Depots,pfile18.pddl,,40,40,39,43,43,fail,42,38,5
Depots,pfile19.pddl,,26,27,23,26,27,fail,23,12,5
Depots,pfile20.pddl,,39,44,36,41,44,fail,40,41,6
Depots,pfile21.pddl,,16,17,16,16,17,32,27,13,4
Depots,pfile22.pddl,,39,44,37,40,46,fail,60,,6

Driverlog, pfile1.pddl,7,5,5,5,5,5,6,6,6,6
Driverlog, pfile2.pddl,19,12,12,12,12,12,14,12,11,4
Driverlog, pfile3.pddl,12,9,9,9,9,9,11,9,6,4
Driverlog, pfile4.pddl,16,10,10,10,10,10,12,11,11,4
Driverlog, pfile5.pddl,18,14,14,14,14,14,15,12,12,4
Driverlog, pfile6.pddl,11,8,8,8,8,8,10,8,6,3
Driverlog, pfile7.pddl,13,11,11,11,11,11,12,11,8,4
Driverlog, pfile8.pddl,22,14,14,14,14,14,15,12,14,4
Driverlog, pfile9.pddl,22,15,15,15,15,15,18,12,11,6
Driverlog, pfile10.pddl,17,13,13,13,13,13,16,13,10,4
Driverlog, pfile11.pddl,19,16,16,16,16,16,18,12,10,5
Driverlog, pfile12.pddl,,20,20,20,20,20,24,17,17,6
Driverlog, pfile13.pddl,26,19,19,19,19,19,21,15,13,5
Driverlog, pfile14.pddl,28,22,22,22,22,22,25,18,15,7
Driverlog, pfile15.pddl,32,27,27,27,27,27,fail,19,19,6
Driverlog, pfile16.pddl,,21,21,21,21,21,fail,36,29,6
Driverlog, pfile17.pddl,,24,24,24,24,24,fail,43,41,5
Driverlog, pfile18.pddl,,23,23,23,23,23,fail,45,43,5
Driverlog,pfile19.pddl,,31,31,31,31,31,fail,60,,7
Driverlog,pfile20.pddl,,30,30,30,30,30,fail,60,,7

Freecell, pfile1.pddl,8,7,7,7,8,8,8,3,8,3
Freecell, pfile2.pddl,14,10,,10,12,12,fail,9,6,5
Freecell, pfile3.pddl,18,15,,15,17,17,fail,11,8,6
Freecell, pfile4.pddl,26,20,,20,23,23,fail,17,15,8
Freecell, pfile5.pddl,30,21,,21,25,25,fail,19,13,10
Freecell, pfile6.pddl,34,28,,28,32,32,fail,23,23,10
Freecell, pfile7.pddl,41,29,,29,34,34,fail,19,13,12
Freecell, pfile8.pddl,,28,,28,35,35,fail,31,21,13
Freecell, pfile9.pddl,,30,,30,36,36,fail,22,22,12
Freecell, pfile10.pddl,,38,,38,46,46,fail,20,27,12
Freecell, pfile11.pddl,,35,,35,43,43,fail,19,27,13
Freecell, pfile12.pddl,,36,,36,42,42,fail,18,23,12
Freecell, pfile13.pddl,,39,,39,47,47,fail,23,38,15
Freecell, pfile14.pddl,,37,,37,46,46,fail,22,,14
Freecell, pfile15.pddl,,47,,47,55,55,fail,27,,15
Freecell, pfile16.pddl,,41,,41,52,52,fail,30,,14
Freecell, pfile17.pddl,,47,,47,56,56,fail,25,,16
Freecell, pfile18.pddl,,48,,48,61,61,fail,27,,17
Freecell, pfile19.pddl,,49,,49,62,62,fail,37,,19
Freecell, pfile20.pddl,,53,,53,61,61,fail,35,,19

Grid, prob01.pddl,14,9,9,9,9,9,10,9,7,9
Grid, prob02.pddl,26,14,14,14,15,15,20,14,14,12
Grid, prob03.pddl,,20,20,20,22,22,fail,10,8,9
Grid, prob04.pddl,,18,18,18,19,19,fail,9,8,8
Grid, prob05.pddl,,36,36,35,39,38,fail,20,21,20

Gripper, prob01.pddl,11,9,9,9,9,9,9,9,8,2
Gripper, prob02.pddl,17,13,13,13,13,13,13,13,12,2
Gripper, prob03.pddl,23,17,17,17,17,17,17,17,16,2
Gripper, prob04.pddl,29,21,21,21,21,21,21,21,20,2
Gripper, prob05.pddl,35,25,25,25,25,25,25,25,24,2
Gripper, prob06.pddl,41,29,29,29,29,29,29,29,28,2
Gripper, prob07.pddl,47,33,33,33,33,33,33,33,32,2
Gripper, prob08.pddl,53,37,37,37,37,37,37,37,36,2
Gripper, prob09.pddl,,41,41,41,41,41,41,41,40,2
Gripper, prob10.pddl,,45,45,45,45,45,45,45,44,2
Gripper, prob11.pddl,,49,49,49,49,49,49,49,48,2
Gripper, prob12.pddl,,53,53,53,53,53,53,53,52,2
Gripper, prob13.pddl,,57,57,57,57,57,57,57,56,2
Gripper, prob14.pddl,,61,61,61,61,61,61,61,60,2
Gripper, prob15.pddl,,65,65,65,65,65,65,65,64,2
Gripper, prob16.pddl,,69,69,69,69,69,69,69,,2
Gripper, prob17.pddl,,73,73,73,73,73,73,73,,2
Gripper, prob18.pddl,,77,77,77,77,77,77,77,,2
Gripper, prob19.pddl,,81,81,81,81,81,81,81,,2
Gripper, prob20.pddl,,85,85,85,85,85,85,85,,2

Logistics-2000, probLOGISTICS-4-0.pddl,20,19,19,19,19,19,19,19,16,6
Logistics-2000, probLOGISTICS-4-1.pddl,19,17,17,17,17,17,17,17,14,6
Logistics-2000, probLOGISTICS-4-2.pddl,15,13,13,13,13,13,13,13,12,6
Logistics-2000, probLOGISTICS-5-0.pddl,27,25,25,25,25,25,25,25,22,6
Logistics-2000, probLOGISTICS-5-1.pddl,17,15,15,15,15,15,15,15,13,6
Logistics-2000, probLOGISTICS-5-2.pddl,8,8,8,8,8,8,8,8,8,2
Logistics-2000, probLOGISTICS-6-0.pddl,25,23,23,23,23,23,23,23,21,6
Logistics-2000, probLOGISTICS-6-1.pddl,14,13,13,13,13,13,13,13,13,6
Logistics-2000, probLOGISTICS-6-2.pddl,25,23,23,23,23,23,23,23,21,6
Logistics-2000, probLOGISTICS-6-9.pddl,24,21,21,21,21,21,21,21,20,6
Logistics-2000, probLOGISTICS-7-0.pddl,36,33,33,33,33,33,33,32,29,6
Logistics-2000, probLOGISTICS-7-1.pddl,44,39,39,39,39,39,39,38,34,6
Logistics-2000, probLOGISTICS-8-0.pddl,31,29,29,29,29,29,29,28,26,6
Logistics-2000, probLOGISTICS-8-1.pddl,44,41,41,41,41,41,41,40,36,6
Logistics-2000, probLOGISTICS-9-0.pddl,36,33,33,33,33,33,33,32,31,6
Logistics-2000, probLOGISTICS-9-1.pddl,30,29,29,29,29,29,29,28,27,6
Logistics-2000, probLOGISTICS-10-0.pddl,45,41,41,41,41,41,41,39,36,6
Logistics-2000, probLOGISTICS-10-1.pddl,42,39,39,39,39,39,39,37,34,6
Logistics-2000,probLOGISTICS-11-0.pddl,48,45,45,45,45,45,45,43,41,6
Logistics-2000, probLOGISTICS-11-1.pddl,60,55,55,55,55,55,55,53,49,6
Logistics-2000, probLOGISTICS-12-0.pddl,42,39,39,39,39,39,39,37,36,6
Logistics-2000, probLOGISTICS-12-1.pddl,68,63,63,63,63,63,63,61,56,6
Logistics-2000, probLOGISTICS-13-0.pddl,,66,66,66,66,66,fail,63,59,6
Logistics-2000, probLOGISTICS-13-1.pddl,,56,56,56,56,56,57,53,50,6
Logistics-2000, probLOGISTICS-14-0.pddl,,55,55,55,55,55,55,51,49,6
Logistics-2000, probLOGISTICS-14-1.pddl,,66,66,66,66,66,67,63,60,6
Logistics-2000, probLOGISTICS-15-0.pddl,,70,70,70,70,70,71,67,63,6
Logistics-2000, probLOGISTICS-15-1.pddl,,62,62,62,62,62,fail,59,56,6

Logistics-1998, prob01.pddl,26,24,24,24,24,24,24,21,20,6
Logistics-1998, prob02.pddl,,27,27,27,27,27,28,22,19,5
Logistics-1998, prob03.pddl,,49,49,49,49,49,50,38,35,7
Logistics-1998, prob04.pddl,,39,39,39,39,39,fail,38,,7
Logistics-1998, prob05.pddl,22,21,21,21,21,21,22,16,15,4
Logistics-1998, prob06.pddl,,62,62,62,62,62,fail,45,,7
Logistics-1998, prob07.pddl,,18,18,18,18,18,29,24,21,6
Logistics-1998, prob08.pddl,,36,36,36,36,36,fail,26,,7
Logistics-1998, prob09.pddl,,70,70,70,70,70,fail,52,,7
Logistics-1998, prob10.pddl,,92,92,92,92,92,fail,77,,6
Logistics-1998, prob11.pddl,,14,14,14,14,14,fail,21,,6
Logistics-1998, prob12.pddl,,25,25,25,25,25,fail,25,,6
Logistics-1998, prob13.pddl,,46,46,46,46,46,fail,47,,7
Logistics-1998, prob14.pddl,,42,42,42,42,42,fail,65,,6
Logistics-1998, prob15.pddl,,66,66,66,66,66,fail,68,70,7
Logistics-1998, prob16.pddl,,28,28,28,28,28,fail,41,,7
Logistics-1998, prob17.pddl,,16,16,16,16,16,42,33,,6
Logistics-1998, prob18.pddl,,112,112,112,112,112,fail,120,,7
Logistics-1998, prob19.pddl,,86,86,86,86,86,fail,97,,7
Logistics-1998, prob20.pddl,,104,104,104,104,104,fail,92,,7
Logistics-1998, prob21.pddl,,69,69,69,69,69,fail,62,,7
Logistics-1998, prob22.pddl,,171,171,,,,fail,190,,7
Logistics-1998, prob23.pddl,,90,90,,,,fail,85,,6
Logistics-1998, prob24.pddl,,16,16,,,,fail,25,,7
Logistics-1998, prob25.pddl,,141,141,,,,fail,126,,7
Logistics-1998, prob26.pddl,,162,162,,,,fail,125,,6
Logistics-1998, prob27.pddl,,108,108,,,,fail,91,,7
Logistics-1998, prob28.pddl,,156,156,,,,fail,167,,7
Logistics-1998, prob29.pddl,,197,197,,,,fail,218,,7
Logistics-1998, prob30.pddl,,98,98,,,,fail,79,,7
Logistics-1998, prob31.pddl,13,12,12,,,,12,10,9,4
Logistics-1998, prob32.pddl,20,16,16,,,,18,15,15,6
Logistics-1998, prob33.pddl,27,23,23,,,,25,21,21,4
Logistics-1998, prob34.pddl,,39,39,,,,fail,31,32,6
Logistics-1998, prob35.pddl,30,29,29,,,,29,21,20,5

Mystery, prob01.pddl,5,5,5,5,5,5,5,5,4,4
Mystery, prob02.pddl,7,6,6,6,6,6,7,5,4,3
Mystery, prob03.pddl,4,4,4,4,4,4,4,4,3,3
Mystery, prob06.pddl,,2,2,2,2,2,11,6,,5
Mystery, prob09.pddl,8,6,6,6,6,6,8,5,6,4
Mystery, prob10.pddl,,1,1,1,1,1,7,4,,4
Mystery, prob11.pddl,7,6,6,6,7,7,7,7,4,4
Mystery, prob13.pddl,,9,9,9,9,9,11,7,,4
Mystery, prob14.pddl,,2,2,2,2,2,fail,6,,4
Mystery, prob15.pddl,6,1,1,1,1,1,6,4,,4
Mystery, prob17.pddl,4,1,1,1,1,1,4,3,3,3
Mystery, prob19.pddl,6,1,1,1,1,1,5,3,3,3
Mystery, prob20.pddl,7,1,1,1,1,1,7,4,4,4
Mystery, prob25.pddl,4,4,4,4,4,4,4,3,3,3
Mystery, prob26.pddl,6,2,2,2,2,2,6,4,4,4
Mystery, prob27.pddl,5,5,5,5,5,5,5,5,4,2
Mystery, prob28.pddl,7,6,6,6,7,7,7,6,6,4
Mystery, prob29.pddl,4,4,4,4,4,4,4,4,3,3
Mystery, prob30.pddl,9,2,2,2,2,2,8,6,4,3

Openstacks, p01.pddl,23,20,21,,,,21,17,12,4
Openstacks, p02.pddl,23,20,21,,,,21,17,12,4
Openstacks, p03.pddl,23,20,21,,,,21,17,12,4
Openstacks, p04.pddl,23,20,21,,,,21,17,12,4
Openstacks, p05.pddl,23,20,21,,,,21,17,12,4
Openstacks, p06.pddl,45,40,41,,,,,32,22,4
Openstacks, p07.pddl,46,40,41,,,,,32,22,4

Pathways,p01.pddl,6,1,1,1,1,1,6,4,1,4
Pathways,p02.pddl,12,2,11,11,2,11,12,8,6,6
Pathways,p03.pddl,18,3,8,8,3,8,16,9,7,6
Pathways,p04.pddl,17,4,8,8,4,8,15,11,8,7
Pathways,p05.pddl,,6,10,10,6,10,29,13,7,6
Pathways,p06.pddl,,,,,,,fail,,9, 
Pathways,p07.pddl,,,,,,,fail,,8, 
Pathways,p08.pddl,,,,,,,,,11, 
Pathways,p09.pddl,,,,,,,,,8, 
Pathways,p10.pddl,,,,,,,,,14, 
Pathways,p11.pddl,,,,,,,,,8, 
Pathways,p12.pddl,,,,,,,,,9, 
Pathways,p13.pddl,,,,,,,,,14, 
Pathways,p14.pddl,,,,,,,,,8, 
Pathways,p15.pddl,,,,,,,,,14, 
Pathways,p16.pddl,,,,,,,,,14, 
Pathways,p17.pddl,,,,,,,,,, 
Pathways,p18.pddl,,,,,,,,,10, 
Pathways,p19.pddl,,,,,,,,,, 
Pathways,p20.pddl,,,,,,,,,11, 
Pathways,p21.pddl,,,,,,,,,, 
Pathways,p22.pddl,,,,,,,,,, 
Pathways,p23.pddl,,,,,,,,,, 
Pathways,p24.pddl,,,,,,,,,14, 
Pathways,p25.pddl,,,,,,,,,, 
Pathways,p26.pddl,,,,,,,,,, 
Pathways,p27.pddl,,,,,,,,,, 
Pathways,p28.pddl,,,,,,,,,, 
Pathways,p29.pddl,,,,,,,,,, 
Pathways,p30.pddl,,,,,,,,,, 

PW-No-Tankage, p01_net1_b6_g2.pddl,5,5,5,5,5,5,5,3,0,3
PW-No-Tankage, p02_net1_b6_g4.pddl,12,5,5,5,6,6,7,3,1,3
PW-No-Tankage, p03_net1_b8_g3.pddl,8,6,6,6,6,6,7,4,2,4
PW-No-Tankage, p04_net1_b8_g5.pddl,11,6,6,6,6,6,7,4,2,4
PW-No-Tankage, p05_net1_b10_g4.pddl,8,6,6,6,7,7,7,3,2,3
PW-No-Tankage, p06_net1_b10_g6.pddl,10,8,8,8,9,9,9,3,2,3
PW-No-Tankage, p07_net1_b12_g5.pddl,8,6,6,6,7,7,8,3,2,3
PW-No-Tankage, p08_net1_b12_g7.pddl,10,8,8,8,9,9,10,3,3,3
PW-No-Tankage, p09_net1_b14_g6.pddl,13,10,10,10,10,10,13,5,4,5
PW-No-Tankage, p10_net1_b14_g8.pddl,18,14,14,14,14,14,fail,5,5,5
PW-No-Tankage, p11_net2_b10_g2.pddl,20,6,6,6,6,6,11,5,,5
PW-No-Tankage, p12_net2_b10_g4.pddl,24,7,7,7,7,7,13,6,,6
PW-No-Tankage, p13_net2_b12_g3.pddl,16,8,8,8,9,9,12,4,,4
PW-No-Tankage, p14_net2_b12_g5.pddl,30,8,8,8,9,9,fail,7,,7
PW-No-Tankage, p15_net2_b14_g4.pddl,26,8,8,8,9,9,14,6,,6
PW-No-Tankage, p16_net2_b14_g6.pddl,,12,12,12,13,13,19,6,,6
PW-No-Tankage, p17_net2_b16_g5.pddl,22,8,8,8,10,10,12,5,,5
PW-No-Tankage, p18_net2_b16_g7.pddl,,9,9,9,11,11,fail,6,,6
PW-No-Tankage, p19_net2_b18_g6.pddl,24,7,7,7,8,8,fail,5,,5
PW-No-Tankage, p20_net2_b18_g8.pddl,,9,9,9,10,10,fail,6,,6
PW-No-Tankage, p21_net3_b12_g2.pddl,14,5,5,5,6,6,9,5,,5
PW-No-Tankage, p22_net3_b12_g4.pddl,30,10,10,10,13,13,fail,9,,9
PW-No-Tankage, p23_net3_b14_g3.pddl,18,9,9,9,9,9,14,9,,6
PW-No-Tankage, p24_net3_b14_g5.pddl,24,11,11,11,12,12,fail,7,,6
PW-No-Tankage, p25_net3_b16_g5.pddl,,10,10,10,14,14,fail,8,,8
PW-No-Tankage, p26_net3_b16_g7.pddl,,13,13,13,16,16,fail,8,,8
PW-No-Tankage, p27_net3_b18_g6.pddl,,10,10,10,12,12,fail,6,,6
PW-No-Tankage, P28_NET3_B18_G7.PDDL,,14,14,14,16,16,fail,7,,6
PW-No-Tankage, P29_NET3_B20_G6.PDDL,,10,10,10,11,11,fail,8,,8
PW-No-Tankage, P30_NET3_B20_G8.PDDL,,16,16,16,19,19,fail,7,,7
PW-No-Tankage, P31_NET4_B14_G3.PDDL,,8,8,8,9,9,fail,7,6,6
PW-No-Tankage, P32_NET4_B14_G5.PDDL,,9,9,9,11,11,fail,6,6,6
PW-No-Tankage, P33_NET4_B16_G5.PDDL,,8,8,8,8,8,fail,7,6,7
PW-No-Tankage, P34_NET4_B16_G6.PDDL,,10,10,10,12,12,fail,6,2,6
PW-No-Tankage, P35_NET4_B18_G4.PDDL,,8,8,8,8,8,fail,6,7,6
PW-No-Tankage, P36_NET4_B18_G6.PDDL,,10,10,10,10,10,fail,7,7,7
PW-No-Tankage, P37_NET4_B20_G5.PDDL,,8,8,8,9,9,fail,5,6,5
PW-No-Tankage, P38_NET4_B20_G7.PDDL,,8,8,8,10,10,fail,5,5,5
PW-No-Tankage, P39_NET4_B22_G7.PDDL,,10,10,10,12,12,fail,6,7,6
PW-No-Tankage, P40_NET4_B22_G8.PDDL,,11,11,11,13,13,fail,6,7,6
PW-No-Tankage, P41_NET5_B22_G2.PDDL,,6,6,6,6,6,8,4,,4
PW-No-Tankage, P42_NET5_B22_G4.PDDL,,9,9,9,9,9,fail,9,,9
PW-No-Tankage, P43_NET5_B24_G3.PDDL,,6,6,6,6,6,fail,9,,9
PW-No-Tankage, P44_NET5_B24_G5.PDDL,,8,8,8,8,8,fail,9,,9
PW-No-Tankage, P45_NET5_B26_G4.PDDL,,9,9,9,9,9,fail,9,,9
PW-No-Tankage, P46_NET5_B26_G6.PDDL,,12,12,12,13,13,fail,9,,9
PW-No-Tankage, P47_NET5_B28_G5.PDDL,,12,12,12,13,13,fail,9,,9
PW-No-Tankage, P48_NET5_B28_G7.PDDL,,15,15,15,16,16,fail,9,,9
PW-No-Tankage, P49_NET5_B30_G6.PDDL,,10,10,10,13,13,fail,7,,7
PW-No-Tankage, P50_NET5_B30_G8.PDDL,,13,13,13,14,14,fail,10,,10

PW-Tankage, p01_net1_b6_g2_t50.pddl,5,5,5,5,5,5,5,3,3,3
PW-Tankage, p02_net1_b6_g4_t50.pddl,12,6,6,6,6,6,7,3,3,3
PW-Tankage, p03_net1_b8_g3_t80.pddl,8,6,6,6,6,6,7,4,3,4
PW-Tankage, p04_net1_b8_g5_t80.pddl,11,6,6,6,6,6,7,4,4,4
PW-Tankage, p05_net1_b10_g4_t50.pddl,8,6,6,6,7,7,7,3,3,3
PW-Tankage, p06_net1_b10_g6_t50.pddl,10,8,8,8,9,9,9,3,5,3
PW-Tankage, p07_net1_b12_g5_t80.pddl,8,6,6,6,7,7,8,3,2,3
PW-Tankage, p08_net1_b12_g7_t80.pddl,11,8,8,8,9,9,fail,3,2,3
PW-Tankage, p09_net1_b14_g6_t50.pddl,,9,9,9,11,11,fail,5,3,5
PW-Tankage, p10_net1_b14_g8_t50.pddl,,12,12,12,15,15,fail,5,8,5
PW-Tankage, p11_net2_b10_g2_t30.pddl,22,7,7,7,7,7,12,5,,5
PW-Tankage, p12_net2_b10_g4_t60.pddl,24,8,8,8,8,8,13,6,,6
PW-Tankage, p13_net2_b12_g3_t70.pddl,16,8,8,8,9,9,fail,4,,4
PW-Tankage, p14_net2_b12_g5_t30.pddl,,9,9,9,11,11,fail,7,,7
PW-Tankage, p15_net2_b14_g4_t30.pddl,30,8,8,8,9,9,fail,7,,7
PW-Tankage, p16_net2_b14_g6_t80.pddl,,12,12,12,13,13,fail,6,,6
PW-Tankage, p17_net2_b16_g5_t20.pddl,44,9,9,9,12,12,fail,5,,5
PW-Tankage, p18_net2_b16_g7_t60.pddl,,9,9,9,11,11,fail,6,,6
PW-Tankage, p19_net2_b18_g6_t60.pddl,,8,8,8,9,9,fail,5,,5
PW-Tankage, p20_net2_b18_g8_t90.pddl,,9,9,9,10,10,fail,6,,6
PW-Tankage, P21_NET3_B12_G2_T60.PDDL,14,5,5,5,6,6,9,5,,5
PW-Tankage, P22_NET3_B12_G4_T60.PDDL,,10,10,10,13,13,fail,9,,9
PW-Tankage, P23_NET3_B14_G3_T60.PDDL,,10,10,10,10,10,fail,6,,6
PW-Tankage, P24_NET3_B14_G5_T60.PDDL,,12,12,12,13,13,fail,6,,6
PW-Tankage, P25_NET3_B16_G5_T60.PDDL,,10,10,10,14,14,fail,8,,8
PW-Tankage, P26_NET3_B16_G7_T70.PDDL,,12,12,12,14,14,fail,8,,8
PW-Tankage, P27_NET3_B18_G6_T70.PDDL,,10,10,10,12,12,fail,6,,6
PW-Tankage, P28_NET3_B18_G7_T70.PDDL,,14,14,14,16,16,fail,6,,6
PW-Tankage, P29_NET3_B20_G6_T70.PDDL,,10,10,10,11,11,fail,8,,8
PW-Tankage, P30_NET3_B20_G8_T70.PDDL,,15,15,15,18,18,fail,7,,7
PW-Tankage, P31_NET4_B14_G3_T20.PDDL,39,9,9,9,9,9,fail,7,7,7
PW-Tankage, P32_NET4_B14_G5_T30.PDDL,,9,,9,11,11,fail,6,6,6
PW-Tankage, P33_NET4_B16_G5_T60.PDDL,,8,,8,9,9,fail,7,6,7
PW-Tankage, P34_NET4_B16_G6_T60.PDDL,,10,,10,12,12,fail,6,,6
PW-Tankage, P35_NET4_B18_G4_T90.PDDL,,7,,7,8,8,fail,6,,6
PW-Tankage, P36_NET4_B18_G6_T90.PDDL,,9,,9,10,10,fail,7,,7
PW-Tankage, P37_NET4_B20_G5_T60.PDDL,,8,,8,9,9,fail,5,,5
PW-Tankage, P38_NET4_B20_G7_T60.PDDL,,8,,8,10,10,fail,5,,5
PW-Tankage, P39_NET4_B22_G7_T50.PDDL,,9,,9,12,12,fail,6,,6
PW-Tankage, P40_NET4_B22_G8_T50.PDDL,,10,,10,13,13,fail,6,,6
PW-Tankage, P41_NET5_B22_G2_T20.PDDL,,6,6,6,6,6,8,4,,4
PW-Tankage, P42_NET5_B22_G4_T50.PDDL,,8,,8,9,9,fail,9,,9
PW-Tankage, P43_NET5_B24_G3_T80.PDDL,,6,,6,6,6,fail,9,,9
PW-Tankage, P44_NET5_B24_G5_T80.PDDL,,8,,8,8,8,fail,9,,9
PW-Tankage, P45_NET5_B26_G4_T50.PDDL,,9,,9,9,9,fail,9,,9
PW-Tankage, P46_NET5_B26_G6_T50.PDDL,,11,,11,13,13,fail,9,,9
PW-Tankage, P47_NET5_B28_G5_T50.PDDL,,12,,12,13,13,fail,9,,9
PW-Tankage, P48_NET5_B28_G7_T50.PDDL,,14,,14,16,16,fail,9,,9
PW-Tankage, P49_NET5_B30_G6_T50.PDDL,,10,,10,13,13,fail,7,,7
PW-Tankage, P50_NET5_B30_G8_T50.PDDL,,12,,12,14,14,fail,10,,10


PSR-Small, P01_S2_N1_L2_F50.PDDL,8,1,1,1,1,1,1,1,1,1
PSR-Small, P02_S5_N1_L3_F30.PDDL,11,1,1,1,1,1,1,1,1,1
PSR-Small, P03_S7_N1_L3_F70.PDDL,11,1,1,1,1,1,1,1,1,1
PSR-Small, P04_S8_N1_L4_F10.PDDL,10,1,1,1,1,1,1,1,1,1
PSR-Small, P05_S9_N1_L4_F30.PDDL,11,1,1,1,1,1,1,1,1,1
PSR-Small, P06_S10_N1_L4_F50.PDDL,8,1,1,1,1,1,1,1,1,1
PSR-Small, P07_S11_N1_L4_F70.PDDL,11,1,1,1,1,1,1,1,1,1
PSR-Small, P08_S12_N1_L5_F10.PDDL,8,1,1,1,1,1,1,1,1,1
PSR-Small, P09_S13_N1_L5_F30.PDDL,8,1,1,1,1,1,1,1,1,1
PSR-Small, P10_S17_N2_L2_F30.PDDL,7,2,2,2,2,2,2,2,2,2
PSR-Small, P11_S18_N2_L2_F50.PDDL,19,2,2,2,2,2,2,1,2,1
PSR-Small, P12_S21_N2_L3_F30.PDDL,16,2,2,2,2,2,2,1,2,1
PSR-Small, P13_S22_N2_L3_F50.PDDL,15,3,3,3,3,3,3,3,3,2
PSR-Small, P14_S23_N2_L3_F70.PDDL,9,2,2,2,2,2,2,2,2,1
PSR-Small, P15_S24_N2_L4_F10.PDDL,10,2,2,2,2,2,2,2,2,2
PSR-Small, P16_S29_N2_L5_F30.PDDL,25,3,3,3,3,3,3,2,2,2
PSR-Small, P17_S30_N2_L5_F50.PDDL,9,2,2,2,2,2,2,2,2,1
PSR-Small, P18_S31_N2_L5_F70.PDDL,12,2,2,2,2,2,2,2,2,1
PSR-Small, P19_S33_N3_L2_F30.PDDL,25,5,5,5,5,5,5,4,3,3
PSR-Small, P20_S34_N3_L2_F50.PDDL,17,3,3,3,3,3,3,2,3,1
PSR-Small, P21_S35_N3_L2_F70.PDDL,10,3,3,3,3,3,3,3,3,1
PSR-Small, P22_S37_N3_L3_F30.PDDL,33,4,4,4,4,4,4,2,4,2
PSR-Small, P23_S38_N3_L3_F50.PDDL,12,3,3,3,3,3,3,3,3,1
PSR-Small, P24_S39_N3_L3_F70.PDDL,10,3,3,3,3,3,3,3,3,1
PSR-Small, P25_S40_N3_L4_F10.PDDL,9,2,2,2,2,2,2,2,2,2
PSR-Small, P26_S41_N3_L4_F30.PDDL,17,3,3,3,3,3,3,2,3,1
PSR-Small, P27_S42_N3_L4_F50.PDDL,21,3,3,3,3,3,3,2,3,1
PSR-Small, P28_S43_N3_L4_F70.PDDL,14,3,3,3,3,3,3,3,3,1
PSR-Small, P29_S45_N3_L5_F30.PDDL,21,5,5,5,5,5,5,3,5,2
PSR-Small, P30_S46_N3_L5_F50.PDDL,22,3,3,3,3,3,3,2,3,1
PSR-Small, P31_S49_N4_L2_F30.PDDL,19,4,4,4,4,4,4,4,2,2
PSR-Small, P32_S50_N4_L2_F50.PDDL,24,4,4,4,4,4,4,3,4,1
PSR-Small, P33_S51_N4_L2_F70.PDDL,21,4,4,4,4,4,4,3,2,2
PSR-Small, P34_S55_N4_L3_F70.PDDL,21,4,4,4,4,4,4,3,4,1
PSR-Small, P35_S57_N5_L2_F30.PDDL,22,4,4,4,4,4,4,3,2,2
PSR-Small, P36_S65_N6_L2_F30.PDDL,22,6,6,6,6,6,6,6,3,3
PSR-Small, P37_S67_N6_L2_F70.PDDL,23,6,6,6,6,6,6,5,6,2
PSR-Small, P38_S78_N3_L3_F50.PDDL,13,3,3,3,3,3,3,3,3,2
PSR-Small, P39_S79_N3_L3_F70.PDDL,23,3,3,3,3,3,3,2,3,1
PSR-Small, P40_S80_N3_L4_F10.PDDL,20,3,3,3,3,3,3,2,2,2
PSR-Small, P41_S81_N3_L4_F30.PDDL,10,3,3,3,3,3,3,3,3,1
PSR-Small, P42_S82_N3_L4_F50.PDDL,30,4,4,4,4,4,4,3,2,2
PSR-Small, P43_S83_N3_L4_F70.PDDL,20,4,4,4,4,4,4,4,4,2
PSR-Small, P44_S89_N4_L2_F30.PDDL,19,5,5,5,5,5,5,4,5,2
PSR-Small, P45_S94_N4_L3_F50.PDDL,20,4,4,4,4,4,4,3,4,1
PSR-Small, P46_S97_N5_L2_F30.PDDL,34,5,5,5,5,5,5,2,2,2
PSR-Small, P47_S98_N5_L2_F50.PDDL,27,4,4,4,4,4,4,2,4,1
PSR-Small, P48_S101_N5_L3_F30.PDDL,37,5,5,5,5,5,5,3,5,2
PSR-Small, P49_S105_N6_L2_F30.PDDL,47,7,7,7,7,7,7,3,7,2
PSR-Small, P50_S107_N6_L2_F70.PDDL,23,6,6,6,6,6,6,5,6,1

Rovers, p01.pddl,10,9,9,9,9,9,9,8,9,4
Rovers, p02.pddl,8,7,7,7,7,7,7,6,7,3
Rovers, p03.pddl,11,7,8,8,7,8,9,7,6,4
Rovers, p04.pddl,8,7,7,7,7,7,8,7,8,3
Rovers, p05.pddl,22,14,14,13,14,14,18,13,16,4
Rovers, p06.pddl,,25,25,23,25,25,27,18,20,4
Rovers, p07.pddl,18,6,6,6,6,6,15,9,10,3
Rovers, p08.pddl,,8,8,8,8,8,21,12,15,4
Rovers, p09.pddl,,15,15,14,15,15,24,15,17,4
Rovers, p10.pddl,,11,11,11,11,11,26,14,11,3
Rovers, p11.pddl,,17,17,16,17,17,24,14,16,5
Rovers,p12.pddl,19,6,6,6,6,6,16,10,5,4
Rovers, p13.pddl,,12,12,12,12,12,fail,16,11,4
Rovers, p14.pddl,,14,14,13,14,14,22,12,16,4
Rovers, p15.pddl,,16,16,15,16,16,29,15,15,3
Rovers, p16.pddl,,11,11,11,11,11,fail,14,16,3
Rovers, p17.pddl,,21,21,20,21,21,fail,19,23,4
Rovers, p18.pddl,,11,11,11,11,11,fail,15,19,4
Rovers, p19.pddl,,17,17,17,17,17,fail,21,23,4
Rovers, p20.pddl,,20,20,20,20,20,fail,24,26,4
Rovers, p21.pddl,,14,14,14,14,14,fail,18,19,4
Rovers, p22.pddl,,16,16,16,16,16,fail,20,23,4
Rovers, p23.pddl,,19,19,19,19,19,fail,23,24,4
Rovers, p24.pddl,,21,21,21,21,21,fail,30,24,5
Rovers, p25.pddl,,10,10,10,10,10,fail,13,7,3
Rovers, p26.pddl,,14,14,14,14,14,fail,18,16,4
Rovers, p27.pddl,,20,20,20,20,20,fail,27,24,4
Rovers, p28.pddl,,19,19,19,19,19,fail,23,26,4
Rovers, p29.pddl,,16,16,16,16,16,fail,20,17,4
Rovers, p30.pddl,,25,25,25,25,25,fail,29,,4
Rovers, p31.pddl,,24,24,24,24,24,fail,28,28,4
Rovers, p32.pddl,,35,35,35,35,35,fail,,,4
Rovers, p33.pddl,,44,44,44,44,44,fail,,,4
Rovers, p34.pddl,,32,32,32,32,32,fail,,,4
Rovers, p35.pddl,,63,63,63,63,63,fail,,,5
Rovers, p36.pddl,,41,,41,41,41,fail,,,5
Rovers, p37.pddl,,58,,58,58,58,fail,,,5
Rovers, p38.pddl,,55,,55,55,55,fail,,,4
Rovers, p39.pddl,,63,,63,63,63,fail,72,,5
Rovers, p40.pddl,,69,,69,69,69,fail,,,4

Satellite, P01_PFILE1.PDDL,9,8,8,8,8,8,8,6,6,3
Satellite, P02_PFILE2.PDDL,13,12,12,12,12,12,12,8,6,3
Satellite, P03_PFILE3.PDDL,11,9,9,9,9,9,10,6,3,3
Satellite, P04_PFILE4.PDDL,17,17,17,17,17,17,17,9,3,3
Satellite, P05_PFILE5.PDDL,15,11,11,11,11,11,14,8,4,3
Satellite, P06_PFILE6.PDDL,20,17,17,17,17,17,18,10,4,3
Satellite, P07_PFILE7.PDDL,21,20,20,20,20,20,20,10,4,3
Satellite, P08_PFILE8.PDDL,,20,20,20,20,20,,12,2,3
Satellite, P09_PFILE9.PDDL,,21,21,21,21,21,26,13,5,3
Satellite, P10_PFILE10.PDDL,,28,28,28,28,28,29,14,3,3
Satellite, P11_PFILE11.PDDL,,30,30,30,30,30,,15,5,3
Satellite, P12_PFILE12.PDDL,,41,41,41,41,41,,24,4,3
Satellite, P13_PFILE13.PDDL,,53,53,53,53,53,,27,5,3
Satellite, P14_PFILE14.PDDL,,27,27,27,27,27,,19,5,3
Satellite, P15_PFILE15.PDDL,,32,32,32,32,32,,24,8,3
Satellite, P16_PFILE16.PDDL,,23,23,23,23,23,,24,6,3
Satellite, P17_PFILE17.PDDL,,20,20,20,20,20,,21,5,3
Satellite, P18_PFILE18.PDDL,,29,29,29,29,29,,15,2,3
Satellite, P19_PFILE19.PDDL,,43,43,43,43,43,,30,3,3
Satellite, P20_PFILE20.PDDL,,62,62,62,62,62,,42,3,3
Satellite, P21_HC_PFILE1.PDDL,,37,37,37,37,37,,37,5,3
Satellite, P22_HC_PFILE2.PDDL,,71,71,71,71,71,,45,4,3
Satellite, P23_HC_PFILE3.PDDL,,51,51,51,51,51,,51,6,3
Satellite, P24_HC_PFILE4.PDDL,,70,70,70,70,70,,70,6,3
Satellite, P25_HC_PFILE5.PDDL,,64,64,64,64,64,,64,6,3
Satellite, P26_HC_PFILE6.PDDL,,68,68,68,68,68,,68,6,3
Satellite, P27_HC_PFILE7.PDDL,,79,79,79,79,79,,68,3,3
Satellite,P28_HC_PFILE8.PDDL,,94,,,,,,95,3,3
Satellite,P29_HC_PFILE9.PDDL,,93,,,,,,95,8,3
Satellite,P30_HC_PFILE10.PDDL,,114,,,,,,114,8,3
Satellite,P31_HC_PFILE11.PDDL,,133,,,,,,134,5,3
Satellite,P32_HC_PFILE12.PDDL,,182,,,,,,182,,3
Satellite, P33_HC_PFILE13.PDDL,,231,,,,,,231,,3
Satellite, P34_HC_PFILE14.PDDL,,280,,,,,,142,3,3
Satellite, P35_HC_PFILE15.PDDL,,257,,,,,,188,5,3
Satellite, P36_HC_PFILE16.PDDL,,178,,,,,,178,5,3


TPP, p01.pddl,5,4,4,4,4,4,4,4,4,4
TPP, p02.pddl,8,7,7,7,7,7,7,7,7,4
TPP, p03.pddl,11,10,10,10,10,10,10,10,10,4
TPP, p04.pddl,14,13,13,13,13,13,13,13,13,4
TPP, p05.pddl,19,10,17,10,10,10,17,17,15,5
TPP, p06.pddl,25,7,15,7,7,7,21,13,15,6
TPP, p07.pddl,,10,18,10,10,10,26,16,21,6
TPP, p08.pddl,,12,20,12,12,12,30,19,25,6
TPP, p09.pddl,,14,14,14,14,14,35,20,,7
TPP, p10.pddl,,16,16,16,16,16,39,22,,7
TPP, p11.pddl,,15,15,15,15,15,30,22,25,8
TPP, p12.pddl,,15,15,15,15,15,32,21,27,8
TPP, p13.pddl,,13,13,13,13,13,31,18,,6
TPP, p14.pddl,,19,19,19,19,19,fail,24,,6
TPP, p15.pddl,,23,23,23,23,23,fail,28,,6
TPP, p16.pddl,,28,28,28,28,28,52,32,,8
TPP, p17.pddl,,23,23,,,,50,,,8
TPP, p18.pddl,,22,22,,,,51,,,8
TPP,p19.pddl,,31,31,,,,62,,,7
TPP,p20.pddl,,36,36,,,,69,,,9
TPP,p21.pddl,,36,36,,,,fail,,,9
TPP,p22.pddl,,27,27,,,,fail,,,8
TPP,p23.pddl,,35,35,,,,fail,,,9
TPP,p24.pddl,,35,35,,,,fail,,,8
TPP,p25.pddl,,43,43,,,,fail,,,8
TPP,p26.pddl,,44,,,,,fail,,,9
TPP,p27.pddl,,48,,,,,fail,,,9
TPP,p28.pddl,,50,,,,,fail,,,9
TPP,p29.pddl,,61,,,,,fail,,,9
TPP,p30.pddl,,58,,,,,fail,,,9

Zeno-Travel, pfile1.pddl,1,1,1,1,1,1,1,1,1,1
Zeno-Travel, pfile2.pddl,6,4,4,4,4,4,4,3,3,3
Zeno-Travel, pfile3.pddl,6,5,5,5,5,5,5,5,5,3
Zeno-Travel, pfile4.pddl,8,6,6,6,6,6,6,5,5,3
Zeno-Travel, pfile5.pddl,11,10,10,10,10,10,11,9,9,3
Zeno-Travel, pfile6.pddl,11,10,10,10,10,10,11,9,8,3
Zeno-Travel, pfile7.pddl,15,10,10,10,10,10,11,9,8,3
Zeno-Travel, pfile8.pddl,11,10,10,10,10,10,10,7,7,3
Zeno-Travel, pfile9.pddl,21,17,17,17,17,17,18,15,14,3
Zeno-Travel, pfile10.pddl,22,19,19,19,19,19,20,17,17,3
Zeno-Travel, pfile11.pddl,14,12,12,12,12,12,12,9,9,3
Zeno-Travel, pfile12.pddl,,17,17,17,17,17,19,15,14,3
Zeno-Travel, pfile13.pddl,,22,22,22,22,22,23,19,18,3
Zeno-Travel, pfile14.pddl,,12,12,12,12,12,fail,21,21,3
Zeno-Travel, pfile15.pddl,,12,12,12,12,12,fail,25,24,3
Zeno-Travel, pfile16.pddl,,15,15,15,15,15,fail,28,28,3
Zeno-Travel, pfile17.pddl,,21,21,21,21,21,fail,40,40,3
Zeno-Travel, pfile18.pddl,,19,19,19,19,19,fail,37,37,3
Zeno-Travel, pfile19.pddl,,24,24,24,24,24,fail,46,46,3
Zeno-Travel, pfile20.pddl,,25,25,25,25,25,fail,51,50,3

Trucks, p01.pddl,13,7,7,,,,11,6,10,4
Trucks, p02.pddl,17,9,9,,,,14,7,13,4
Trucks, p03.pddl,20,11,11,,,,17,8,16,4
Trucks, p04.pddl,23,13,13,,,,20,9,19,4
Trucks, p05.pddl,25,16,16,,,,23,10,22,4
Trucks, p06.pddl,,18,18,,,,26,11,25,4
Trucks, p07.pddl,23,13,13,,,,20,9,19,4
Trucks, p08.pddl,,17,17,,,,,10,22,4
Trucks, p09.pddl,,18,18,,,,26,13,25,4
Trucks, p10.pddl,,20,20,,,,30,14,28,4
Trucks, p11.pddl,,23,23,,,,,13,31,4
Trucks, p12.pddl,,24,24,,,,,18,34,4
Trucks, p13.pddl,,21,21,,,,30,12,28,4
Trucks, p14.pddl,,24,24,,,,,13,31,4
Trucks, p15.pddl,,25,25,,,,,14,34,4
Trucks, p16.pddl,,27,27,,,,,15,37,4
Trucks, p17.pddl,,30,30,,,,,16,,4
Trucks, p18.pddl,,32,32,,,,,17,,4
Trucks, p19.pddl,,29,29,,,,,15,,4
Trucks,p20.pddl,,30,30,,,,,16,,4
Trucks,p21.pddl,,32,32,,,,,17,,4
Trucks,p22.pddl,,34,34,,,,,18,,4
Trucks,p23.pddl,,37,37,,,,,19,,4
Trucks,p24.pddl,,,39,,,,,20
Trucks,p25.pddl,,,34
Trucks,p26.pddl
Trucks,p27.pddl
Trucks,p28.pddl
Trucks,p29.pddl
Trucks,p30.pddl

M10(Miconic), s1-0.pddl,,3,3,3,3,3,3,3,3,3
M10(Miconic), s1-1.pddl,,3,3,3,3,3,3,3,2,2
M10(Miconic), s1-2.pddl,,3,3,3,3,3,3,3,3,3
M10(Miconic), s1-3.pddl,,3,3,3,3,3,3,3,3,3
M10(Miconic), s1-4.pddl,,3,3,3,3,3,3,3,3,3
M10(Miconic), s2-0.pddl,,7,7,7,7,7,7,5,5,3
M10(Miconic), s2-1.pddl,,6,6,6,6,6,6,5,5,3
M10(Miconic), s2-2.pddl,,6,6,6,6,6,6,5,5,3
M10(Miconic), s2-3.pddl,,7,7,7,7,7,7,5,5,3
M10(Miconic), s2-4.pddl,,6,6,6,6,6,6,5,5,3
M10(Miconic), s3-0.pddl,,10,10,10,10,10,10,7,5,3
M10(Miconic), s3-1.pddl,,10,10,10,10,10,10,7,5,3
M10(Miconic), s3-2.pddl,,9,9,9,9,9,9,7,5,3
M10(Miconic), s3-3.pddl,,9,9,9,9,9,9,7,7,3
M10(Miconic), s3-4.pddl,,9,9,9,9,9,9,7,7,3
M10(Miconic), s4-0.pddl,,14,14,14,14,14,14,9,5,3
M10(Miconic), s4-1.pddl,,13,13,13,13,13,13,9,9,3
M10(Miconic), s4-2.pddl,,14,14,14,14,14,14,9,5,3
M10(Miconic), s4-3.pddl,,14,14,14,14,14,14,9,5,3
M10(Miconic), s4-4.pddl,,15,15,15,15,15,15,9,5,3
M10(Miconic), s5-0.pddl,,17,17,17,17,17,17,11,5,3
M10(Miconic), s5-1.pddl,,16,16,16,16,16,16,11,5,3
M10(Miconic), s5-2.pddl,,14,14,14,14,14,14,11,7,3
M10(Miconic), s5-3.pddl,,17,17,17,17,17,17,11,5,3
M10(Miconic), s5-4.pddl,,17,17,17,17,17,17,11,5,3
M10(Miconic), s6-0.pddl,,18,18,18,18,18,18,13,5,3
M10(Miconic), s6-1.pddl,,19,19,19,19,19,19,13,5,3
M10(Miconic), s6-2.pddl,,19,19,19,19,19,19,13,5,3
M10(Miconic), s6-3.pddl,,18,18,18,18,18,18,13,5,3
M10(Miconic), s6-4.pddl,,20,20,20,20,20,20,13,5,3
M10(Miconic), s7-0.pddl,,23,23,23,23,23,23,15,5,3
M10(Miconic), s7-1.pddl,,24,24,24,24,24,24,15,5,3
M10(Miconic), s7-2.pddl,,22,22,22,22,22,22,15,5,3
M10(Miconic), s7-3.pddl,,22,22,22,22,22,22,15,7,3
M10(Miconic), s7-4.pddl,,25,25,25,25,25,25,15,5,3
M10(Miconic), s8-0.pddl,,27,27,27,27,27,27,17,5,3
M10(Miconic), s8-1.pddl,,26,26,26,26,26,26,17,5,3
M10(Miconic), s8-2.pddl,,25,25,25,25,25,25,17,5,3
M10(Miconic), s8-3.pddl,,27,27,27,27,27,27,17,7,3
M10(Miconic), s8-4.pddl,,26,26,26,26,26,26,17,5,3
M10(Miconic), s9-0.pddl,,30,30,30,30,30,30,19,5,3
M10(Miconic), s9-1.pddl,,29,29,29,29,29,29,19,5,3
M10(Miconic), s9-2.pddl,,29,29,29,29,29,29,19,7,3
M10(Miconic), s9-3.pddl,,31,31,31,31,31,31,19,5,3
M10(Miconic), s9-4.pddl,,27,27,27,27,27,27,19,7,3
M10(Miconic), s10-0.pddl,,33,33,33,33,33,33,21,5,3
M10(Miconic), s10-1.pddl,,32,32,32,32,32,32,21,7,3
M10(Miconic), s10-2.pddl,,31,31,31,31,31,31,21,5,3
M10(Miconic), s10-3.pddl,,34,34,34,34,34,34,21,5,3
M10(Miconic), s10-4.pddl,,32,32,32,32,32,32,21,5,3
M10(Miconic), s11-0.pddl,,36,36,36,36,36,36,23,5,3
M10(Miconic), s11-1.pddl,,34,34,34,34,34,34,23,5,3
M10(Miconic), s11-2.pddl,,37,37,37,37,37,37,23,5,3
M10(Miconic), s11-3.pddl,,37,37,37,37,37,37,23,5,3
M10(Miconic), s11-4.pddl,,34,34,34,34,34,34,23,5,3
M10(Miconic), s12-0.pddl,,40,40,40,40,40,40,25,5,3
M10(Miconic), s12-1.pddl,,40,40,40,40,40,40,25,5,3
M10(Miconic), s12-2.pddl,,39,39,39,39,39,39,25,5,3
M10(Miconic), s12-3.pddl,,38,38,38,38,38,38,25,5,3
M10(Miconic), s12-4.pddl,,41,41,41,41,41,41,25,5,3
M10(Miconic), s13-0.pddl,,43,43,43,43,43,43,27,5,3
M10(Miconic), s13-1.pddl,,41,41,41,41,41,41,27,5,3
M10(Miconic), s13-2.pddl,,46,46,46,46,46,46,27,5,3
M10(Miconic), s13-3.pddl,,43,43,43,43,43,43,27,5,3
M10(Miconic), s13-4.pddl,,41,41,41,41,41,41,27,5,3
M10(Miconic), s14-0.pddl,,45,45,45,45,45,45,29,5,3
M10(Miconic), s14-1.pddl,,47,47,47,47,47,47,29,5,3
M10(Miconic), s14-2.pddl,,49,49,49,49,49,49,29,5,3
M10(Miconic), s14-3.pddl,,42,42,42,42,42,42,29,5,3
M10(Miconic), s14-4.pddl,,45,45,45,45,45,45,29,5,3
M10(Miconic), s15-0.pddl,,46,46,46,46,46,46,31,5,3
M10(Miconic), s15-1.pddl,,49,49,49,49,49,49,31,5,3
M10(Miconic), s15-2.pddl,,49,49,49,49,49,49,31,5,3
M10(Miconic), s15-3.pddl,,50,50,50,50,50,50,31,5,3
M10(Miconic), s15-4.pddl,,46,46,46,46,46,46,31,5,3
M10(Miconic), s16-0.pddl,,53,53,53,53,53,53,33,5,3
M10(Miconic), s16-1.pddl,,52,52,52,52,52,52,33,5,3
M10(Miconic), s16-2.pddl,,54,54,54,54,54,54,33,5,3
M10(Miconic), s16-3.pddl,,51,51,51,51,51,51,33,5,3
M10(Miconic), s16-4.pddl,,53,53,53,53,53,53,33,5,3
M10(Miconic), s17-0.pddl,,55,55,55,55,55,55,35,5,3
M10(Miconic), s17-1.pddl,,54,54,54,54,54,54,35,5,3
M10(Miconic), s17-2.pddl,,54,54,54,54,54,54,35,5,3
M10(Miconic), s17-3.pddl,,59,59,59,59,59,59,35,5,3
M10(Miconic), s17-4.pddl,,54,54,54,54,54,54,35,5,3
M10(Miconic), s18-0.pddl,,59,59,59,59,59,59,37,5,3
M10(Miconic), s18-1.pddl,,58,58,58,58,58,58,37,5,3
M10(Miconic), s18-2.pddl,,58,58,58,58,58,58,37,5,3
M10(Miconic), s18-3.pddl,,59,59,59,59,59,59,37,5,3
M10(Miconic), s18-4.pddl,,56,56,56,56,56,56,37,5,3
M10(Miconic), s19-0.pddl,,62,62,62,62,62,62,39,5,3
M10(Miconic), s19-1.pddl,,65,65,65,65,65,65,39,5,3
M10(Miconic), s19-2.pddl,,61,61,61,61,61,61,39,5,3
M10(Miconic), s19-3.pddl,,63,63,63,63,63,63,39,5,3
M10(Miconic), s19-4.pddl,,62,62,62,62,62,62,39,5,3
M10(Miconic), s20-0.pddl,,63,63,63,63,63,63,41,5,3
M10(Miconic), s20-1.pddl,,66,66,66,66,66,66,41,5,3
M10(Miconic), s20-2.pddl,,62,62,62,62,62,62,41,5,3
M10(Miconic), s20-3.pddl,,63,63,63,63,63,63,41,5,3
M10(Miconic), s20-4.pddl,,64,64,64,64,64,64,41,5,3
M10(Miconic), s21-0.pddl,,69,69,69,69,69,69,43,5,3
M10(Miconic), s21-1.pddl,,69,69,69,69,69,69,43,7,3
M10(Miconic), s21-2.pddl,,69,69,69,69,69,69,43,5,3
M10(Miconic), s21-3.pddl,,66,66,66,66,66,66,43,5,3
M10(Miconic), s21-4.pddl,,70,70,70,70,70,70,43,5,3
M10(Miconic), s22-0.pddl,,72,72,72,72,72,72,45,5,3
M10(Miconic), s22-1.pddl,,70,70,70,70,70,70,45,5,3
M10(Miconic), s22-2.pddl,,71,71,71,71,71,71,45,5,3
M10(Miconic), s22-3.pddl,,75,75,75,75,75,75,45,5,3
M10(Miconic), s22-4.pddl,,71,71,71,71,71,71,45,5,3
M10(Miconic), s23-0.pddl,,75,75,75,75,75,75,47,5,3
M10(Miconic), s23-1.pddl,,74,74,74,74,74,74,47,5,3
M10(Miconic), s23-2.pddl,,73,73,73,73,73,73,47,5,3
M10(Miconic), s23-3.pddl,,71,71,71,71,71,71,47,5,3
M10(Miconic), s23-4.pddl,,74,74,74,74,74,74,47,5,3
M10(Miconic), s24-0.pddl,,79,79,79,79,79,79,49,5,3
M10(Miconic), s24-1.pddl,,78,78,78,78,78,78,49,5,3
M10(Miconic), s24-2.pddl,,77,77,77,77,77,77,49,5,3
M10(Miconic), s24-3.pddl,,79,79,79,79,79,79,49,5,3
M10(Miconic), s24-4.pddl,,77,77,77,77,77,77,49,7,3
M10(Miconic), s25-0.pddl,,81,81,81,81,81,81,51,5,3
M10(Miconic), s25-1.pddl,,85,85,85,85,85,85,51,5,3
M10(Miconic), s25-2.pddl,,78,78,78,78,78,78,51,5,3
M10(Miconic), s25-3.pddl,,84,84,84,84,84,84,51,5,3
M10(Miconic), s25-4.pddl,,82,82,82,82,82,82,51,5,3
M10(Miconic), s26-0.pddl,,83,83,83,83,83,83,53,5,3
M10(Miconic), s26-1.pddl,,83,83,83,83,83,83,53,5,3
M10(Miconic), s26-2.pddl,,90,90,90,90,90,90,53,5,3
M10(Miconic), s26-3.pddl,,88,88,88,88,88,88,53,5,3
M10(Miconic), s26-4.pddl,,82,82,82,82,82,82,53,5,3
M10(Miconic), s27-0.pddl,,87,87,87,87,87,87,55,5,3
M10(Miconic), s27-1.pddl,,91,91,91,91,91,91,55,5,3
M10(Miconic), s27-2.pddl,,87,87,87,87,87,87,55,7,3
M10(Miconic), s27-3.pddl,,89,89,89,89,89,89,55,5,3
M10(Miconic), s27-4.pddl,,88,88,88,88,88,88,55,7,3
M10(Miconic), s28-0.pddl,,94,94,94,94,94,94,57,5,3
M10(Miconic), s28-1.pddl,,92,92,92,92,92,92,57,5,3
M10(Miconic), s28-2.pddl,,93,93,93,93,93,93,57,5,3
M10(Miconic), s28-3.pddl,,87,87,87,87,87,87,57,5,3
M10(Miconic), s28-4.pddl,,92,92,92,92,92,92,57,5,3
M10(Miconic), s29-0.pddl,,94,94,94,94,94,94,59,5,3
M10(Miconic), s29-1.pddl,,91,91,91,91,91,91,59,5,3
M10(Miconic), s29-2.pddl,,95,95,95,95,95,95,59,5,3
M10(Miconic), s29-3.pddl,,96,96,96,96,96,96,59,5,3
M10(Miconic), s29-4.pddl,,99,99,99,99,99,99,59,5,3
M10(Miconic), s30-0.pddl,,95,95,95,95,95,95,61,5,3
M10(Miconic), s30-1.pddl,,98,98,98,98,98,98,61,5,3
M10(Miconic), s30-2.pddl,,96,96,96,96,96,96,61,5,3
M10(Miconic), s30-3.pddl,,100,100,100,100,100,100,61,5,3
M10(Miconic), s30-4.pddl,,99,99,99,99,99,99,61,5,3



MPrime,prob01.pddl,,5,5,,,,5,5,2,4
MPrime,prob02.pddl,,6,6,,,,7,5,4,3
MPrime,prob03.pddl,,4,4,,,,4,4,3,3
MPrime,prob04.pddl,,6,6,,,,7,6,3,6
MPrime,prob05.pddl,,6,6,,,,8,6,5,4
MPrime,prob06.pddl,,2,2,,,,fail,6,,5
MPrime,prob07.pddl,,4,4,,,,5,5,3,4
MPrime,prob08.pddl,,1,1,,,,5,4,4,4
MPrime,prob09.pddl,,6,6,,,,8,5,6,4
MPrime,prob10.pddl,,1,1,,,,fail,4,,4
MPrime,prob11.pddl,,6,6,,,,7,7,4,4
MPrime,prob12.pddl,,3,3,,,,5,3,3,3
MPrime,prob13.pddl,,2,2,,,,fail,6,,4
MPrime,prob14.pddl,,2,2,,,,fail,5,,4
MPrime,prob15.pddl,,1,1,,,,fail,4,,4
MPrime,prob16.pddl,,2,2,,,,5,5,4,3
MPrime,prob17.pddl,,1,1,,,,4,3,3,3
MPrime,prob18.pddl,,1,1,,,,fail,7,7,7
MPrime,prob19.pddl,,1,1,,,,5,3,3,3
MPrime,prob20.pddl,,1,1,,,,fail,4,4,4
MPrime,prob21.pddl,,1,1,,,,4,3,,3
MPrime,prob22.pddl,,1,1,,,,fail,5,,5
MPrime,prob23.pddl,,1,1,,,,fail,5,5,5
MPrime,prob24.pddl,,3,3,,,,fail,3,,3
MPrime,prob25.pddl,,4,4,,,,4,3,3,3
MPrime,prob26.pddl,,1,1,,,,6,4,3,4
MPrime,prob27.pddl,,5,5,,,,5,5,4,2
MPrime,prob28.pddl,,6,6,,,,7,6,4,4
MPrime,prob29.pddl,,3,3,,,,4,4,3,3
MPrime,prob30.pddl,,2,2,,,,fail,6,4,3
MPrime,prob31.pddl,,1,1,,,,4,3,3,3
MPrime,prob32.pddl,,5,5,,,,5,4,4,4
MPrime,prob33.pddl,,1,1,,,,8,6,,5
MPrime,prob34.pddl,,1,1,,,,4,3,3,3
MPrime,prob35.pddl,,3,3,,,,4,3,3,3

Freecell-2000, probfreecell-2-1.pddl,,8,8,8,8,8,9,4,4,4
Freecell-2000, probfreecell-2-2.pddl,,8,8,8,8,8,8,3,8,3
Freecell-2000, probfreecell-2-3.pddl,,8,8,8,8,8,8,4,5,3
Freecell-2000, probfreecell-2-4.pddl,,7,7,7,8,8,8,2,8,2
Freecell-2000, probfreecell-2-5.pddl,,8,8,8,8,8,9,4,9,3
Freecell-2000, probfreecell-3-1.pddl,,11,,11,13,13,fail,10,8,6
Freecell-2000, probfreecell-3-2.pddl,,10,,10,13,13,fail,5,7,5
Freecell-2000, probfreecell-3-3.pddl,,11,,11,12,12,fail,7,9,4
Freecell-2000, probfreecell-3-4.pddl,,10,,10,12,12,fail,5,7,3
Freecell-2000, probfreecell-3-5.pddl,,10,,10,13,13,fail,7,8,5
Freecell-2000, probfreecell-4-1.pddl,,14,,14,17,17,fail,11,9,7
Freecell-2000, probfreecell-4-2.pddl,,14,,14,17,17,fail,9,10,6
Freecell-2000, probfreecell-4-3.pddl,,16,,16,18,18,fail,15,10,6
Freecell-2000, probfreecell-4-4.pddl,,14,,14,18,18,fail,9,,5
Freecell-2000, probfreecell-4-5.pddl,,13,,13,17,17,fail,10,,6
Freecell-2000, probfreecell-5-1.pddl,,17,,17,21,21,fail,16,12,8
Freecell-2000, probfreecell-5-2.pddl,,18,,18,21,21,fail,17,14,7
Freecell-2000, probfreecell-5-3.pddl,,19,,19,24,24,fail,21,,7
Freecell-2000, probfreecell-5-4.pddl,,19,,19,22,22,fail,16,,6
Freecell-2000, probfreecell-5-5.pddl,,18,,18,22,22,fail,19,,9
Freecell-2000, probfreecell-6-1.pddl,,20,,20,26,26,fail,9,,9
Freecell-2000, probfreecell-6-2.pddl,,22,,22,26,26,fail,16,,8
Freecell-2000, probfreecell-6-3.pddl,,22,,22,26,26,fail,17,,8
Freecell-2000, probfreecell-6-4.pddl,,22,,22,27,27,fail,23,,8
Freecell-2000, probfreecell-6-5.pddl,,22,,22,28,28,fail,22,,10
Freecell-2000, probfreecell-7-1.pddl,,27,,27,31,31,fail,10,,10
Freecell-2000, probfreecell-7-2.pddl,,25,,25,29,29,fail,22,,10
Freecell-2000, probfreecell-7-3.pddl,,26,,26,32,32,fail,20,,9
Freecell-2000, probfreecell-7-4.pddl,,25,,25,32,32,fail,19,,9
Freecell-2000, probfreecell-7-5.pddl,,27,,27,34,34,fail,22,,11
Freecell-2000, probfreecell-8-1.pddl,,32,,32,37,37,fail,14,,11
Freecell-2000, probfreecell-8-2.pddl,,28,,28,35,35,fail,25,,11
Freecell-2000, probfreecell-8-3.pddl,,30,,30,38,38,fail,18,,10
Freecell-2000, probfreecell-8-4.pddl,,29,,29,37,37,fail,19,,12
Freecell-2000, probfreecell-8-5.pddl,,33,,33,40,40,fail,24,,12
Freecell-2000, probfreecell-9-1.pddl,,34,,34,41,41,fail,19,,12
Freecell-2000, probfreecell-9-2.pddl,,32,,32,40,40,fail,23,,12
Freecell-2000, probfreecell-9-3.pddl,,35,,35,43,43,fail,13,,11
Freecell-2000, probfreecell-9-4.pddl,,34,,34,43,43,fail,26,,13
Freecell-2000, probfreecell-9-5.pddl,,32,,32,40,40,fail,25,,14
Freecell-2000, probfreecell-10-1.pddl,,40,,40,48,48,fail,17,,13
Freecell-2000, probfreecell-10-2.pddl,,39,,39,48,48,fail,25,,14
Freecell-2000, probfreecell-10-3.pddl,,39,,39,47,47,fail,19,,13
Freecell-2000, probfreecell-10-4.pddl,,39,,39,48,48,fail,25,,14
Freecell-2000, probfreecell-10-5.pddl,,37,,37,47,47,fail,25,,16
Freecell-2000, probfreecell-11-1.pddl,,46,,46,53,53,fail,22,,15
Freecell-2000, probfreecell-11-2.pddl,,44,,44,53,53,fail,29,,15
Freecell-2000, probfreecell-11-3.pddl,,44,,44,54,54,fail,19,,15
Freecell-2000, probfreecell-11-4.pddl,,47,,47,56,56,fail,29,,15
Freecell-2000, probfreecell-11-5.pddl,,44,,44,55,55,fail,30,,17
Freecell-2000, probfreecell-12-1.pddl,,51,,51,59,59,fail,25,,16
Freecell-2000, probfreecell-12-2.pddl,,45,,45,55,55,fail,22,,16
Freecell-2000, probfreecell-12-3.pddl,,52,,52,60,60,fail,21,,17
Freecell-2000, probfreecell-12-4.pddl,,51,,51,60,60,fail,31,,17
Freecell-2000, probfreecell-12-5.pddl,,52,,52,62,62,fail,34,,18
Freecell-2000, probfreecell-13-1.pddl,,55,,55,64,64,fail,28,,18
Freecell-2000, probfreecell-13-2.pddl,,49,,49,61,61,fail,30,,17
Freecell-2000, probfreecell-13-3.pddl,,56,,56,66,66,fail,27,,18
Freecell-2000, probfreecell-13-4.pddl,,56,,56,65,65,fail,36,,18
Freecell-2000, probfreecell-13-5.pddl,,56,,56,68,68,fail,34,,19